1682309879413,admin,rock,nihao@I'm admin.
1682309908050,rock,admin,nihao@I'm rock@nice to meet you!
1682310272618,admin,rock,waahhhhhhhh!
1682386525371,admin,rock,??
1682386912385,rock,admin,nihao
1682386924510,rock,admin,????
1682387333076,admin,rock,aaaaaaaaaaaaaaaaaaaaaaaaaaaaaaaaaaaaaaaaaaaaaaaaaaaaaaaaaaaaaaaaaaaaaaaaaaaaaaaaaaaaaaaaaaaaaaaaaaaaaaaaaaaaaaaaaaaaaaaaaaaaaaaaaaaaaaaaaaaaaaaaaaaaaaaaaaaaaaaaaaaaaaaaaaaaaaaaaaaaaaaaaaaaaaaaaaaaaaaaaaaaaaaaaaaaaaaaaaaaaaaaaaaaaaaaaaaaaaaaaaaaaaaaaaaaaaaaaaaaaaaaaaaaaaaaaaaaaaaaaaaaaaaaaaaaaaaaaaaaaaaaaaaaaaaaaaaaaaaaaaaaaaaaaa
1682388163248,admin,rock,bbbbbbbbbbbbbbbbbbbbbbbbbbbbbbbbbbbbbbbbbbbbbbbbbbbbbbbbbbbbbbbbbbbbbbbbbbbbbbbbbbbbbbbbbbbbbbbbbbbbbbbbbbbbbbbbbbbbbbbbbbbbbbbbbbbbbbbbbbbbbbbbbbbbbbbbbbbb
1682404233925,admin,rock,hello
1682404241589,rock,admin,yes
1682404252994,rock,admin,okok
1682421444571,rock,admin,nihao
1682421451287,rock,admin,nihao
1682421458693,rock,admin,nihao111
1682421568147,rock,admin,test_1
1682421766970,admin,rock,nihaoya
1682421778609,rock,admin,okde
1682427442034,admin,rock,h?
1682427452972,rock,admin,okok
1682489561796,admin,rock,aaaaaaaaaaaaaaaaaaaaaaa
1682489581118,admin,rock,aaaaaaaaaaaaaaaaaaaaaaaaaaaaaaaaaaaaaaaaaaaaaaaaaaaaaaaaaaaaaaaaaaaaaaaaaaaaaaaaaaaaaaaaaaaaaaaaaaaaaaaaaaaaaaaaaaaaaaaaaaaaaaaaaaaaaaaaaaaaaaaaaaaaaaaaaaaaaaaaaaaaaaaaaa
1682489643771,admin,rock,aaaaaaaaaaaaaaaaaaaaaaaaaaaaaaaaaa
